{
  "name": "Pia",
  "planets": {
    "Sun": 175.36666666666667,
    "Moon": 252.48333333333332,
    "Mercury": 201.76666666666668,
    "Venus": 131.41666666666666,
    "Mars": 8.116666666666667,
    "Jupiter": 66.05,
    "Saturn": 266.2,
    "Uranus": 267.1,
    "Neptune": 277.4166666666667,
    "Pluto": 220.73333333333332,
    "Chiron": 96.61666666666666,
    "True Node": 343.3333333333333,
    "Mean Lilith": 164.08333333333334,
    "South Node": 163.33333333333326
  },
  "angles": {
    "ASC": 233.58333333333334,
    "MC": 143.91666666666666
  },
  "houses": {
    "1": 233.0,
    "2": 262.0,
    "3": 292.0,
    "4": 323.0,
    "5": 356.0,
    "6": 26.0,
    "7": 53.0,
    "8": 82.0,
    "9": 112.0,
    "10": 143.0,
    "11": 176.0,
    "12": 206.0
  },
  "retrograde": [
    "Mars",
    "Neptune",
    "True Node"
  ]
}